CategoryD,currencyD,sellerRating,DurationD,endDayD,ClosePrice,OpenPrice,Competitive
13,0,3249,2,0,0.01,0.01,0
13,0,3249,2,0,0.01,0.01,0
13,0,3249,2,0,0.01,0.01,0
13,0,3249,2,0,0.01,0.01,0
13,0,3249,2,0,0.01,0.01,0
13,0,3249,2,0,0.01,0.01,0
13,0,3249,2,0,0.01,0.01,0
13,0,3249,2,0,0.01,0.01,0
13,0,3249,2,0,0.01,0.01,0
13,0,3249,2,0,0.01,0.01,0
13,0,3249,2,0,0.01,0.01,0
13,0,3249,2,0,0.01,0.01,0
13,0,3249,2,0,0.01,0.01,0
13,0,3249,2,0,0.01,0.01,0
13,0,3249,2,0,0.01,0.01,0
13,0,3249,2,0,0.01,0.01,0
1,0,3115,3,1,0.01,0.01,0
1,0,3115,3,1,0.01,0.01,0
1,0,3115,3,1,0.01,0.01,0
1,0,3115,3,1,0.01,0.01,0
1,0,3115,3,1,0.01,0.01,1
1,0,3115,3,1,0.01,0.01,1
13,0,37727,3,0,0.01,0.01,0
13,0,3249,2,0,0.06,0.01,1
13,0,3249,2,0,0.1,0.01,1
16,0,34343,0,4,0.11,0.01,1
13,0,3249,2,0,0.11,0.01,1
13,0,3249,2,0,0.17,0.01,1
13,0,3249,2,0,0.17,0.01,1
13,0,3249,2,0,0.21,0.01,1
13,0,3249,2,0,0.55,0.01,1
13,0,3249,2,0,0.55,0.01,1
13,0,3249,2,0,1.05,0.01,1
13,0,3249,2,0,1.25,0.01,1
13,0,3249,2,0,1.25,0.01,1
13,0,3249,2,0,1.25,0.01,1
13,0,3249,2,0,1.25,0.01,1
13,0,3249,2,0,1.29,0.01,1
13,0,3249,2,0,1.3,0.01,1
13,0,3249,2,0,1.32,0.01,1
13,0,3249,2,0,1.32,0.01,1
13,0,3249,2,0,1.37,0.01,1
13,0,3249,2,0,1.5,0.01,1
13,0,3249,2,0,1.58,0.01,1
13,0,3249,2,0,1.75,0.01,1
13,0,3249,2,0,2,0.01,1
13,0,3249,2,0,2,0.01,1
13,0,3249,2,0,2,0.01,1
13,0,3249,2,0,2.05,0.01,1
13,0,3249,2,0,2.13,0.01,1
13,0,3249,2,0,2.25,0.01,1
13,0,3249,2,0,2.25,0.01,1
13,0,3249,2,0,2.3,0.01,1
1,0,3115,3,1,2.31,0.01,1
13,0,3249,2,0,2.33,0.01,1
13,0,3249,2,0,2.8,0.01,1
13,0,3249,2,0,3,0.01,1
13,0,3249,2,0,3,0.01,1
13,0,3249,2,0,3.01,0.01,1
13,0,3249,2,0,3.06,0.01,1
13,0,3249,2,0,3.08,0.01,1
13,0,3249,2,0,3.25,0.01,1
13,0,3249,2,0,3.25,0.01,1
13,0,3249,2,0,3.25,0.01,1
13,0,3249,2,0,3.25,0.01,1
13,0,3249,2,0,3.26,0.01,1
13,0,3249,2,0,3.27,0.01,1
13,0,3249,2,0,3.3,0.01,1
13,0,3249,2,0,3.31,0.01,1
13,0,3249,2,0,3.36,0.01,1
13,0,3249,2,0,3.5,0.01,1
13,0,3249,2,0,3.55,0.01,1
13,0,3249,2,0,3.75,0.01,1
13,0,3249,2,0,3.75,0.01,1
13,0,3249,2,0,3.76,0.01,1
13,0,3249,2,0,3.8,0.01,1
13,0,3249,2,0,3.8,0.01,1
13,0,3249,2,0,3.84,0.01,1
13,0,3249,2,0,4.17,0.01,1
13,0,3249,2,0,4.25,0.01,1
13,0,3249,2,0,4.25,0.01,1
13,0,3249,2,0,4.25,0.01,1
13,0,3249,2,0,4.25,0.01,1
13,0,37727,3,0,4.26,0.01,1
13,0,3249,2,0,4.29,0.01,1
13,0,3249,2,0,4.31,0.01,1
13,0,3249,2,0,4.4,0.01,1
13,0,3249,2,0,4.54,0.01,1
13,0,3249,2,0,4.75,0.01,1
13,0,3249,2,0,4.9,0.01,1
13,0,3249,2,0,5,0.01,1
13,0,3249,2,0,5,0.01,1
13,0,3249,2,0,5.01,0.01,1
13,0,3249,2,0,5.5,0.01,1
13,0,3249,2,0,5.5,0.01,1
13,0,3249,2,0,5.5,0.01,1
13,0,3249,2,0,5.52,0.01,1
13,0,3249,2,0,5.52,0.01,1
13,0,3249,2,0,6,0.01,1
13,0,3249,2,0,6.01,0.01,1
13,0,3249,2,0,6.15,0.01,1
13,0,3249,2,0,6.18,0.01,1
13,0,3249,2,0,6.5,0.01,1
13,0,3249,2,0,6.5,0.01,1
13,0,3249,2,0,6.5,0.01,1
13,0,3249,2,0,6.5,0.01,1
11,1,29,3,3,11.6,0.017846154,1
13,0,3249,2,0,6.55,0.01,1
13,0,3249,2,0,6.71,0.01,1
13,0,3249,2,0,7,0.01,1
13,0,3249,2,0,7,0.01,1
13,0,3249,2,0,7,0.01,1
13,0,3249,2,0,7.05,0.01,1
13,0,3249,2,0,7.5,0.01,1
13,0,3249,2,0,7.5,0.01,1
13,0,3249,2,0,7.5,0.01,1
13,0,3249,2,0,7.51,0.01,1
13,0,3249,2,0,7.55,0.01,1
13,0,3249,2,0,8.01,0.01,1
13,0,3249,2,0,8.05,0.01,1
13,0,3249,2,0,8.05,0.01,1
13,0,3249,2,0,8.26,0.01,1
13,0,3249,2,0,8.49,0.01,1
13,0,3249,2,0,8.5,0.01,1
13,0,3249,2,0,8.5,0.01,1
13,0,3249,2,0,9.39,0.01,1
13,0,3249,2,0,9.5,0.01,1
13,0,3249,2,0,9.99,0.01,1
13,0,3249,2,0,10,0.01,1
13,0,3249,2,0,10,0.01,1
13,0,3249,2,0,10.5,0.01,1
13,0,3249,2,0,10.5,0.01,1
13,0,3249,2,0,10.5,0.01,1
2,0,352,3,5,11.5,0.01,1
13,0,3249,2,0,11.55,0.01,1
13,0,3249,2,0,11.71,0.01,1
13,0,3249,2,0,15.5,0.01,1
11,1,2991,3,3,0.98,0.534545455,1
13,0,3249,2,0,18,0.01,1
13,0,3249,2,0,18.5,0.01,1
6,0,1,2,1,20.7,0.01,1
6,0,1,2,4,22,0.01,1
6,0,1,2,4,23.65,0.01,1
3,0,5450,1,6,26,0.01,1
6,0,1,2,1,26,0.01,1
13,0,3249,2,0,27,0.01,1
13,1,1029,3,3,1.07,1.07,0
13,1,1029,3,3,1.07,1.07,0
17,1,2991,3,3,2.14,0.535,1
17,1,2991,3,3,2.16,0.53553719,1
6,0,1,2,4,43,0.01,1
6,0,1,2,1,46.02,0.01,1
2,0,30,3,0,0.7,0.7,0
13,1,1029,3,3,1.25,1.25,0
13,1,1029,3,3,1.25,1.25,0
13,1,1029,3,3,1.25,1.25,0
13,1,1029,3,3,1.25,1.25,1
13,1,70,3,3,1.86,0.894230769,1
6,0,1,2,1,52.02,0.01,1
6,0,1,2,1,61.05,0.01,1
8,0,4,2,5,62,0.01,1
17,1,2991,3,3,3.929999999,0.535909091,1
13,1,1029,3,3,1.7,1.252631579,1
17,1,2991,3,3,5.180000001,0.535862069,1
7,0,411,1,5,0.99,0.99,1
1,0,793,1,5,0.99,0.99,1
17,0,3277,1,6,0.99,0.99,0
17,0,3277,1,6,0.99,0.99,0
17,0,3277,1,6,0.99,0.99,0
13,0,841,2,0,0.99,0.99,0
13,0,841,2,0,0.99,0.99,0
13,0,841,2,0,0.99,0.99,0
13,0,841,2,0,0.99,0.99,0
13,0,841,2,0,0.99,0.99,1
6,0,2220,2,0,0.99,0.99,0
9,0,109,3,4,0.99,0.99,0
2,1,149,3,3,1.77,1.77,0
13,1,149,3,3,1.77,1.77,0
13,1,215,3,3,1.77,1.77,0
6,0,2695,3,4,0.99,0.99,0
6,0,2695,3,5,0.99,0.99,0
6,0,2695,3,5,0.99,0.99,0
6,0,2695,3,5,0.99,0.99,0
6,0,2695,3,5,0.99,0.99,0
17,1,2991,3,3,1.77,1.77,0
17,1,2991,3,3,1.77,1.77,0
13,1,2991,3,3,1.77,1.77,0
4,1,2991,3,3,1.77,1.77,0
5,1,3380,3,3,1.77,1.77,0
5,1,3380,3,3,1.77,1.77,1
17,0,3385,3,5,0.99,0.99,0
7,0,4790,3,1,0.99,0.99,0
6,0,743,1,5,1,1,1
8,2,9,2,6,1.23,1.23,0
1,0,113,2,6,1,1,0
0,2,158,2,0,1.23,1.23,0
2,2,410,2,0,1.23,1.23,0
2,2,666,2,3,1.23,1.23,0
2,2,865,2,4,1.23,1.23,0
4,2,865,2,5,1.23,1.23,0
13,2,1301,2,4,1.23,1.23,0
3,2,27,3,6,1.23,1.23,0
3,2,27,3,6,1.23,1.23,0
7,2,29,3,4,1.23,1.23,0
4,2,41,3,3,1.23,1.23,0
2,2,104,3,0,1.23,1.23,0
13,2,104,3,0,1.23,1.23,0
13,2,858,3,0,1.23,1.23,0
12,0,1317,3,0,1,1,1
13,2,1515,3,0,1.23,1.23,0
0,2,1550,3,0,1.23,1.23,0
0,2,1550,3,0,1.23,1.23,0
0,2,1550,3,0,1.23,1.23,0
0,2,1550,3,2,1.23,1.23,0
8,2,1550,3,5,1.23,1.23,0
13,2,2162,3,3,1.23,1.23,0
13,2,2162,3,3,1.23,1.23,1
15,1,5292,3,3,1.78,1.78,0
15,1,5292,3,3,1.78,1.78,0
1,2,23,4,2,1.23,1.23,0
11,2,54,4,1,1.23,1.23,0
2,2,89,4,2,1.23,1.23,0
11,2,100,4,4,1.23,1.23,0
7,2,165,4,2,1.23,1.23,0
4,2,279,4,1,1.23,1.23,0
5,2,684,4,2,1.23,1.23,0
2,2,865,4,2,1.23,1.23,0
2,2,865,4,2,1.23,1.23,0
2,2,865,4,2,1.23,1.23,0
16,2,865,4,2,1.23,1.23,0
13,2,1075,4,3,1.23,1.23,0
2,2,1386,4,5,1.23,1.23,0
13,2,1645,4,6,1.23,1.23,0
13,2,1645,4,6,1.23,1.23,0
6,2,1853,4,1,1.23,1.23,0
6,2,1853,4,1,1.23,1.23,0
6,2,1853,4,1,1.23,1.23,0
6,2,2163,4,4,1.23,1.23,0
13,2,2404,4,5,1.23,1.23,0
13,2,2638,4,0,1.23,1.23,0
13,2,2638,4,1,1.23,1.23,0
13,2,2638,4,1,1.23,1.23,0
13,2,2638,4,1,1.23,1.23,0
13,2,3057,4,0,1.23,1.23,0
7,2,3375,4,3,1.23,1.23,0
7,2,3375,4,3,1.23,1.23,0
13,2,5701,4,0,1.23,1.23,0
13,2,5701,4,6,1.23,1.23,0
13,2,5701,4,6,1.23,1.23,0
13,2,5701,4,6,1.23,1.23,0
13,2,5701,4,6,1.23,1.23,0
11,2,5701,4,1,1.23,1.23,0
11,2,5701,4,2,1.23,1.23,0
6,2,5701,4,6,1.23,1.23,1
13,2,5701,4,0,1.23,1.23,1
17,1,2991,3,3,1.86,1.770576923,1
13,1,2991,3,3,6.600000001,0.535135135,1
11,0,533,3,0,112.5,0.01,1
6,0,1,2,1,112.52,0.01,1
6,0,1386,1,5,4.75,0.25,1
11,1,53,3,3,2.14,1.7655,1
6,0,2695,3,5,1.25,0.99,1
17,0,1124,3,1,1.25,1,1
13,1,1029,3,3,3.03,1.425882353,1
17,1,2991,3,3,8.39,0.535531915,1
11,1,53,3,3,2.57,1.766875,1
11,1,2991,3,3,2.57,1.766875,1
17,0,3277,1,6,1.5,0.99,1
8,2,1550,3,4,1.840000001,1.226666667,1
8,2,1550,3,4,1.840000001,1.226666667,1
8,2,1550,3,4,1.840000001,1.226666667,1
8,2,1550,3,5,1.840000001,1.226666667,1
8,2,1550,3,0,1.840000001,1.226666667,1
3,2,743,4,4,1.840000001,1.226666667,1
2,2,2163,4,1,1.840000001,1.226666667,1
13,2,5701,4,0,1.840000001,1.226666667,1
5,1,3380,3,3,2.23,2.23,0
11,1,53,3,3,2.86,1.769625,1
13,1,2991,3,3,9.819999998,0.535636364,1
11,1,53,3,3,3.020000001,1.769112427,1
11,1,53,3,3,3.03,1.764529412,1
13,1,215,3,3,3.03,1.764529412,1
5,2,1033,4,4,2.08,1.230769231,1
11,1,53,3,3,3.12,1.765028572,1
11,1,53,3,3,3.389999999,1.766368421,1
6,0,1,2,4,188.33,0.01,1
2,2,1553,4,1,1.71,1.71,0
17,1,2991,3,3,11.6,0.535384616,1
8,2,1550,3,5,2.46,1.23,1
8,2,1550,3,2,2.46,1.23,1
8,2,1550,3,2,2.46,1.23,1
13,2,2638,4,1,2.46,1.23,1
11,1,53,3,3,3.750000001,1.767857143,1
13,1,1148,1,3,3.929999999,1.7685,1
13,1,1148,1,3,3.929999999,1.7685,1
11,0,841,2,0,2.2,0.99,1
13,1,118,3,3,3.929999999,1.7685,1
11,1,53,3,3,3.94,1.764977376,1
13,2,104,3,0,1.829999999,1.829999999,0
2,1,201,3,3,2.66,2.66,0
0,0,945,3,6,1.49,1.49,0
2,1,2731,3,3,2.66,2.66,0
2,2,1553,4,1,1.829999999,1.829999999,0
5,1,3380,3,3,2.680000001,2.680000001,0
17,2,300,4,2,1.840000001,1.840000001,0
17,2,300,4,2,1.840000001,1.840000001,0
17,2,300,4,2,1.840000001,1.840000001,0
11,1,53,3,3,4.279999999,1.7655,1
11,1,53,3,3,4.279999999,1.7655,1
13,2,1301,2,4,3.07,1.228,1
13,2,104,3,0,3.07,1.228,1
13,2,765,3,6,3.07,1.228,1
2,2,1386,4,5,3.07,1.228,1
2,2,15,4,6,3.089999999,1.231075697,1
13,1,429,1,3,3.020000001,2.662603551,1
11,1,53,3,3,4.640000001,1.766769231,1
4,1,77,3,3,4.82,1.767333333,1
13,0,841,2,0,2.78,0.99,1
11,1,53,3,3,5.349999999,1.7655,1
2,1,2731,3,3,3.57,2.65965,1
0,2,1553,4,1,2.46,1.8327,1
6,2,221,3,2,3.69,1.23,1
4,2,41,4,6,3.69,1.23,1
4,2,41,4,6,3.69,1.23,1
2,2,268,4,6,2.46,1.845,1
13,2,5701,4,4,3.699999999,1.22923588,1
13,2,3057,4,0,3.750000001,1.229508197,1
13,0,841,2,0,3.2,0.99,1
11,1,53,3,3,5.71,1.76653125,1
11,1,53,3,3,5.71,1.76653125,1
12,0,743,1,5,3.25,1,1
4,1,2991,3,3,20.52,0.535304348,1
6,2,170,3,4,4.300000002,1.228571429,1
4,2,1661,3,2,4.329999999,1.230113636,1
17,2,104,4,4,4.430000002,1.230555556,1
6,1,1954,3,3,6.620000001,1.766522911,1
13,1,293,4,3,6.620000001,1.766522911,1
13,1,1148,1,3,6.659999999,1.76766756,1
16,0,2378,1,6,390,0.01,1
13,0,841,2,0,4,0.99,1
5,0,5564,3,0,4,0.99,1
12,2,72,0,3,2.45,2.45,0
12,2,72,0,4,2.45,2.45,0
7,2,105,1,6,2.45,2.45,0
13,2,681,1,5,2.45,2.45,0
1,0,3114,1,5,1.99,1.99,0
4,2,24,3,5,2.45,2.45,0
10,2,70,3,4,2.45,2.45,0
10,2,70,3,5,2.45,2.45,0
10,2,70,3,0,2.45,2.45,0
10,2,70,3,2,2.45,2.45,0
13,2,104,3,3,2.45,2.45,0
7,2,105,3,3,2.45,2.45,0
13,2,205,3,4,2.45,2.45,0
13,2,205,3,4,2.45,2.45,0
13,2,205,3,4,2.45,2.45,0
13,2,205,3,4,2.45,2.45,0
9,0,212,3,4,1.99,1.99,0
17,1,2731,3,3,3.55,3.55,0
5,1,3380,3,3,3.55,3.55,0
5,1,3380,3,3,3.55,3.55,0
17,0,3385,3,5,1.99,1.99,0
17,0,3385,3,5,1.99,1.99,0
17,0,3385,3,5,1.99,1.99,0
17,0,3385,3,5,1.99,1.99,0
17,0,3385,3,5,1.99,1.99,0
17,0,3385,3,5,1.99,1.99,0
17,0,3385,3,5,1.99,1.99,0
17,0,3385,3,5,1.99,1.99,0
11,2,5350,3,5,2.45,2.45,0
11,2,5350,3,0,2.45,2.45,0
17,0,9003,3,0,1.99,1.99,0
0,2,18,4,6,2.45,2.45,0
0,2,18,4,6,2.45,2.45,0
0,2,18,4,6,2.45,2.45,1
17,2,300,4,2,2.45,2.45,0
6,2,578,4,6,2.45,2.45,0
6,2,578,4,6,2.45,2.45,0
6,2,578,4,0,2.45,2.45,0
6,2,578,4,0,2.45,2.45,0
6,2,578,4,0,2.45,2.45,0
6,2,578,4,0,2.45,2.45,0
6,2,884,4,0,2.45,2.45,1
6,2,884,4,0,2.45,2.45,1
6,2,1545,4,0,2.45,2.45,0
6,2,1545,4,0,2.45,2.45,0
6,2,1545,4,3,2.45,2.45,0
7,2,2382,4,6,2.45,2.45,0
0,2,2507,4,6,2.45,2.45,0
0,2,2507,4,6,2.45,2.45,0
16,2,4366,4,0,2.45,2.45,0
1,2,5701,4,0,2.45,2.45,0
8,2,5701,4,4,2.45,2.45,0
8,2,5701,4,0,2.45,2.45,0
13,2,5701,4,6,2.45,2.45,0
13,2,5701,4,6,2.45,2.45,0
17,2,5827,4,2,2.45,2.45,0
17,2,5827,4,2,2.45,2.45,0
17,2,5827,4,2,2.45,2.45,0
13,0,3277,1,6,2,2,1
13,2,1301,2,4,4.92,1.23,1
0,0,52,3,4,2,2,0
13,2,130,3,6,2.46,2.46,0
11,1,376,3,3,3.57,3.57,0
6,0,2695,3,4,2,2,0
6,0,2695,3,5,2,2,0
6,0,2695,3,5,2,2,0
6,0,2695,3,5,2,2,0
6,0,2696,3,0,2,2,0
0,0,4390,3,0,2,2,0
11,1,53,3,3,7.500000001,1.767857143,1
15,1,107,4,3,7.500000001,1.767857143,1
11,1,53,3,3,7.51,1.766009501,1
13,0,841,2,0,4.25,0.99,1
13,0,841,2,0,4.25,0.99,1
1,0,2162,2,6,2.24,1.99,1
17,0,3385,3,5,2.24,1.99,1
17,0,3385,3,5,2.24,1.99,1
11,2,54,2,5,5.530000001,1.228888889,1
13,2,1301,3,6,5.600000001,1.230769231,1
13,2,1301,3,6,5.660000002,1.230434783,1
13,1,17,3,3,8.39,1.767255319,1
13,1,1842,4,3,8.39,1.767255319,1
6,0,2696,3,0,2.34,2,1
6,0,5703,4,6,9.57,0.5,1
17,2,2507,3,4,3.060000001,2.445542169,1
6,2,1545,4,0,3.060000001,2.445542169,1
11,2,5350,2,4,3.07,2.44372,1
13,2,205,3,4,3.07,2.44372,1
4,2,569,4,3,3.07,2.44372,1
6,2,1545,4,0,3.07,2.44372,1
12,0,1124,1,6,2.5,2,1
2,2,83,4,4,6.470000001,1.230038023,1
5,1,3380,3,3,4.82,3.552518518,1
13,0,841,2,0,5.5,0.99,1
13,0,841,2,0,5.5,0.99,1
13,0,841,2,0,5.5,0.99,1
13,1,17,3,3,9.819999998,1.7676,1
17,1,1768,3,3,9.819999998,1.7676,1
11,1,670,3,3,9.829999999,1.766188748,1
17,0,3385,3,5,2.75,1.99,1
6,0,2695,3,5,2.75,2,1
6,2,442,4,2,6.76,1.229090909,1
12,2,5701,4,0,6.76,1.229090909,1
6,1,88,3,3,9.829999999,1.784029038,1
17,0,3385,3,5,2.8,1.99,1
13,0,3277,1,6,2.8,2,1
1,2,526,4,1,6.890000001,1.230357143,1
13,0,841,2,0,6.01,0.99,1
6,2,1545,4,2,3.69,2.4477,1
6,2,1545,4,1,3.69,2.4477,1
8,2,5701,4,2,3.69,2.4477,1
7,2,863,4,4,3.699999999,2.446179401,1
1,2,526,4,3,7.389999997,1.229617304,1
6,2,1545,4,0,3.729999999,2.449735973,1
6,2,920,1,4,7.589999999,1.230145867,1
13,1,105,3,3,4.44,4.44,0
13,1,105,3,3,4.44,4.44,0
17,0,3277,1,6,6.27,0.99,1
6,0,510,1,6,2.5,2.5,0
7,0,366,2,0,2.5,2.5,0
11,2,1402,3,4,3.07,3.07,0
5,2,300,4,2,3.870000001,2.444857144,1
13,1,118,3,3,11.6,1.766769231,1
13,2,548,4,1,7.979999998,1.229583975,1
1,2,526,4,2,7.989999999,1.229230769,1
1,2,526,4,5,7.989999999,1.229230769,1
6,2,433,2,4,4.059999999,2.44830303,1
16,1,118,3,3,11.96,1.767223881,1
13,1,105,3,3,4.8,4.443122676,1
17,0,3277,1,6,7,0.99,1
13,2,205,3,4,4.300000002,2.444857144,1
1,2,526,4,0,8.61,1.23,1
13,2,205,3,4,4.369999998,2.449661971,1
17,0,35,0,4,710,0.01,1
8,2,5701,4,6,4.430000002,2.448805556,1
13,1,17,3,3,12.94,1.76697931,1
13,1,105,3,3,5.16,4.445813149,1
5,0,1054,2,0,9.38,0.77,1
6,2,170,3,4,9.219999998,1.229333333,1
12,0,225,3,0,750,0.01,1
4,2,18,4,6,9.219999998,1.229333333,1
1,2,526,4,4,9.240000003,1.230359521,1
17,0,3385,3,5,2.75,2.75,0
17,0,3385,3,5,2.75,2.75,0
17,0,3385,3,5,2.75,2.75,0
17,0,3385,3,5,2.75,2.75,0
17,0,3385,3,5,2.75,2.75,0
17,0,3385,3,5,2.75,2.75,0
17,0,3385,3,5,2.75,2.75,0
17,0,3385,3,5,2.75,2.75,0
17,0,3385,3,5,2.75,2.75,0
17,0,3385,3,5,2.75,2.75,0
17,0,3385,3,5,2.75,2.75,0
17,0,3385,3,5,2.75,2.75,0
17,0,3385,3,5,2.75,2.75,0
17,0,3385,3,5,2.75,2.75,0
17,0,3385,3,5,2.75,2.75,0
17,0,3385,3,5,2.75,2.75,0
5,0,5564,3,5,2.79,2.79,0
13,0,841,2,0,8,0.99,1
13,1,118,3,3,14.28,1.76715,1
13,1,105,3,3,5.71,4.44309375,1
6,2,578,4,0,4.93,2.446558604,1
7,2,113,3,1,9.84,1.23,1
17,1,293,4,3,5.71,4.4609375,1
17,2,638,4,6,9.860000001,1.229426434,1
8,0,2956,1,4,81.55,0.1,1
6,1,18,3,3,9.819999998,2.678181818,1
16,1,79,3,3,15.15,1.766607774,1
7,0,411,2,0,8.5,0.99,1
6,2,170,3,3,10.45,1.229411765,1
16,0,2378,0,4,860,0.01,1
6,0,119,4,5,860,0.01,1
9,1,232,1,3,5.339999999,5.339999999,0
2,0,638,1,5,2.99,2.99,0
4,2,315,3,5,3.680000001,3.680000001,0
5,1,3380,3,3,5.339999999,5.339999999,0
5,1,3380,3,3,5.339999999,5.339999999,0
5,1,3380,3,3,5.339999999,5.339999999,0
6,0,3385,3,5,2.99,2.99,0
0,0,3613,3,6,2.99,2.99,0
2,0,3613,3,6,2.99,2.99,1
0,0,4390,3,4,2.99,2.99,1
5,0,5564,3,4,2.99,2.99,0
5,0,5564,3,4,2.99,2.99,0
6,0,9003,3,6,2.99,2.99,0
9,0,9003,3,0,2.99,2.99,0
16,0,9003,3,6,2.99,2.99,0
16,0,9003,3,0,2.99,2.99,0
6,0,25433,3,5,2.99,2.99,0
17,2,842,4,1,11.01,1.230167598,1
6,2,1545,4,1,5.530000001,2.445488889,1
17,0,3277,1,6,3,3,0
17,0,3277,1,6,3,3,0
13,1,197,3,3,5.349999999,5.349999999,0
17,2,508,3,6,11.07,1.23,1
0,2,618,3,0,3.69,3.69,0
12,1,2189,3,3,5.349999999,5.349999999,0
6,0,2696,3,0,3,3,0
13,1,1842,4,3,5.349999999,5.349999999,0
13,1,1842,4,3,5.349999999,5.349999999,0
13,2,5701,4,2,11.07,1.23,1
17,2,3090,4,1,5.580000001,2.445859031,1
17,2,5827,4,2,5.720000001,2.447913979,1
13,1,2991,3,3,55.33000001,0.535451613,1
13,0,471,2,0,9.5,0.99,1
13,0,841,2,0,9.5,0.99,1
12,0,743,1,5,9.72,1,1
6,0,2695,3,5,3.25,3,1
13,1,1148,1,3,17.85,1.76715,1
13,0,841,2,0,10,0.99,1
6,2,1545,4,0,6.15,2.4477,1
6,2,1545,4,0,6.15,2.4477,1
6,2,1545,4,0,6.15,2.4477,1
17,2,508,3,6,12.3,1.23,1
13,1,1148,1,3,18.74,1.766914286,1
13,0,841,2,0,10.5,0.99,1
13,1,17,3,3,18.74,1.766914286,1
5,0,1054,2,0,13.51,0.77,1
13,0,193,2,5,10.52,0.99,1
13,0,841,2,0,10.55,0.99,1
17,2,508,3,6,12.91000001,1.22952381,1
13,2,1853,3,4,4.300000002,3.685714287,1
13,2,1853,3,4,4.300000002,3.685714287,1
0,0,4390,3,4,3.27,3.27,0
11,2,4366,3,4,6.76,2.445890909,1
8,2,5701,4,1,6.76,2.445890909,1
12,1,1180,3,3,9.819999998,3.57090909,1
17,0,3385,3,5,4,2.75,1
3,0,1265,3,5,3.35,3.35,0
3,0,1266,3,6,3.35,3.35,0
13,1,1148,1,3,20.52,1.766504348,1
11,0,390,2,0,11.5,0.99,1
7,0,2711,2,5,11.5,0.99,1
12,2,2168,3,0,14.14,1.229565217,1
6,2,1545,4,1,7.130000001,2.446327587,1
11,2,266,2,5,14.28,1.22997416,1
13,1,105,3,3,8.39,4.444914894,1
17,2,3090,4,1,7.38,2.4477,1
17,2,269,4,1,14.72,1.229741019,1
6,2,1545,4,0,7.429999998,2.447963576,1
0,0,945,3,6,3.49,3.49,0
0,0,2349,4,6,20.5,0.6,1
11,2,5701,4,1,15.37,1.2296,1
13,1,197,3,3,7.500000001,5.357142858,1
10,0,2459,3,5,4.24,2.99,1
12,0,1322,3,1,12.83,0.99,1
13,1,17,3,3,23.22,1.766933129,1
12,2,89,4,2,8.010000003,2.448525347,1
17,2,3090,4,1,8.010000003,2.448525347,1
0,0,2349,3,4,3.6,3.6,0
0,0,2349,3,4,3.6,3.6,0
0,0,2349,3,4,3.6,3.6,0
0,0,2349,3,4,3.6,3.6,0
0,0,2349,3,4,3.6,3.6,0
0,0,2349,3,4,3.6,3.6,0
0,0,2349,3,4,3.6,3.6,0
0,0,2349,3,4,3.6,3.6,0
0,0,2349,3,5,3.6,3.6,0
0,0,2349,3,6,3.6,3.6,0
0,0,2349,3,6,3.6,3.6,0
0,0,2349,3,6,3.6,3.6,0
0,0,2349,3,0,3.6,3.6,0
0,0,2349,3,0,3.6,3.6,0
0,0,2349,3,1,3.6,3.6,0
0,0,2349,3,1,3.6,3.6,0
0,0,2349,3,4,3.6,3.6,1
0,0,2349,3,5,3.6,3.6,1
12,1,1180,3,3,11.6,3.56923077,1
6,2,1545,4,4,8.280000002,2.448320952,1
6,2,170,3,4,16.60000001,1.22962963,1
13,2,1301,3,6,17.01,1.229934924,1
0,0,2349,3,4,3.85,3.6,1
0,0,2349,3,4,3.85,3.6,1
0,0,2349,3,4,3.85,3.6,1
0,0,2349,3,5,3.85,3.6,1
0,0,2349,3,6,3.85,3.6,1
0,0,2349,3,6,3.85,3.6,1
17,0,3385,3,5,3.75,3.75,0
17,0,3385,3,5,3.75,3.75,0
17,0,3385,3,5,3.75,3.75,0
13,1,105,3,3,10.08,4.442336282,1
0,2,2507,3,4,8.710000002,2.448149718,1
6,2,1545,4,1,8.719999997,2.447503525,1
16,2,5701,4,2,8.760000002,2.448370787,1
6,0,2220,2,0,14.5,0.99,1
4,2,37,1,3,17.82999999,1.229655172,1
13,2,915,2,4,17.86,1.230027548,1
0,0,2349,3,0,4.12,3.6,1
4,2,174,4,4,9.219999998,2.446373333,1
6,2,1545,4,0,9.219999998,2.446373333,1
6,2,1545,4,0,9.219999998,2.446373333,1
4,2,299,3,3,6.15,3.6777,1
11,2,71,3,3,18.58,1.229649239,1
17,0,9003,2,5,3.89,3.89,0
12,0,9003,3,0,3.89,3.89,0
17,0,3385,3,5,5.51,2.75,1
6,2,578,4,0,9.42,2.447232376,1
0,0,2349,3,0,4.24,3.6,1
6,2,578,4,0,9.470000001,2.447441559,1
7,0,454,2,0,15.5,0.99,1
7,0,18,3,0,15.51,0.99,1
4,2,519,2,0,19.05999999,1.229677419,1
17,0,3385,3,5,5.69,2.75,1
0,0,2349,3,4,4.35,3.6,1
0,0,2349,3,1,4.36,3.6,1
0,0,2349,3,1,4.36,3.6,1
0,0,2349,3,4,4.36,3.6,1
6,2,1545,4,0,9.84,2.4477,1
9,1,232,1,3,7.12,7.12,1
2,0,638,2,0,3.99,3.99,0
4,2,141,3,4,4.91,4.91,0
10,0,1155,3,4,3.99,3.99,0
10,0,1155,3,5,3.99,3.99,0
10,0,1155,3,1,3.99,3.99,0
2,0,1464,3,6,3.99,3.99,0
2,0,1809,3,6,3.99,3.99,0
17,0,3385,3,5,3.99,3.99,0
17,0,3385,3,5,3.99,3.99,0
17,0,3385,3,5,3.99,3.99,1
6,0,3613,3,6,3.99,3.99,0
4,0,3613,3,6,3.99,3.99,0
11,0,3613,3,6,3.99,3.99,0
11,0,3613,3,6,3.99,3.99,0
0,0,3613,3,6,3.99,3.99,0
0,0,3613,3,6,3.99,3.99,0
15,0,3613,3,6,3.99,3.99,1
0,0,4390,3,0,3.99,3.99,0
0,0,4390,3,0,3.99,3.99,0
0,0,4390,3,0,3.99,3.99,0
0,0,4390,3,4,3.99,3.99,0
6,0,9003,3,5,3.99,3.99,0
13,0,9003,3,0,3.99,3.99,0
13,0,9003,3,0,3.99,3.99,0
13,0,9003,3,0,3.99,3.99,0
11,0,9003,3,5,3.99,3.99,0
12,0,25433,3,0,3.99,3.99,0
12,0,25433,3,0,3.99,3.99,0
12,0,25433,3,0,3.99,3.99,0
12,0,25433,3,0,3.99,3.99,0
17,0,3277,1,6,4,4,0
6,1,18,3,3,7.14,7.14,0
2,0,115,3,6,4,4,0
0,2,277,3,6,4.92,4.92,0
12,1,1180,3,3,14.28,3.57,1
16,0,1265,3,4,4,4,0
2,2,321,4,2,4.92,4.92,0
17,2,508,3,6,19.80000001,1.229813665,1
13,1,105,3,3,11.6,4.443692309,1
0,0,2349,3,0,4.51,3.6,1
11,2,1405,4,0,10.08,2.446243903,1
3,0,8101,1,6,16.5,0.99,1
17,2,889,1,4,20.14000001,1.22954823,1
6,0,3385,3,5,5.5,2.99,1
6,0,3385,3,5,5.5,2.99,1
3,2,124,3,2,20.29000001,1.22969697,1
0,0,2349,3,1,28.04,0.6,1
16,0,27132,2,0,17.01,0.99,1
2,0,3864,3,1,4.24,3.99,1
0,0,2349,3,1,4.7,3.6,1
2,0,3613,3,6,4.25,3.99,1
0,0,3613,3,6,4.25,3.99,1
12,0,25433,3,0,4.25,3.99,1
16,0,1266,3,6,4.25,4,1
15,0,5721,1,5,4.15,4.15,0
0,0,2349,3,4,4.81,3.6,1
4,2,1179,4,2,21.52000001,1.229714286,1
13,2,657,4,1,21.55,1.230022831,1
0,0,2349,3,1,4.94,3.6,1
13,2,351,4,1,5.530000001,4.903266667,1
13,2,1634,4,2,5.530000001,4.903266667,1
4,2,519,3,2,22.14,1.23,1
13,2,657,4,1,22.14,1.23,1
0,0,2349,3,4,5.01,3.6,1
17,0,3385,3,5,5.02,3.75,1
16,0,27132,2,0,19.02,0.99,1
6,2,1545,4,0,11.68,2.446652631,1
6,2,1545,4,4,11.68,2.446652631,1
11,1,53,3,3,17.4,3.551384616,1
6,0,3385,3,5,6.5,2.99,1
4,2,241,3,6,23.96999999,1.229861467,1
13,0,123,3,1,6.5,3,1
17,0,3277,1,6,5.6,3.5,1
0,0,2349,3,0,32.69,0.6,1
0,0,2349,3,4,5.5,3.6,1
0,0,2349,3,4,5.5,3.6,1
0,0,2349,3,0,5.51,3.6,1
14,1,71,3,3,17.85,3.55215,1
6,2,227,3,5,12.3,2.4477,1
13,2,657,4,1,6.159999999,4.918163672,1
10,0,1155,3,6,4.49,4.49,0
0,0,2349,3,4,5.61,3.6,1
0,0,2349,3,4,5.61,3.6,1
0,0,3277,1,6,4.5,4.5,0
6,0,4397,3,5,4.5,4.5,0
0,0,4397,3,5,4.5,4.5,0
0,0,4397,3,5,4.5,4.5,0
7,2,335,0,3,25.21000001,1.229756098,1
16,2,5701,4,2,25.38,1.229651163,1
8,2,5701,4,0,25.62,1.229956793,1
11,2,739,1,5,12.9,2.447187798,1
13,2,205,3,4,12.91000001,2.446752382,1
17,2,996,3,1,12.91000001,2.446752382,1
6,2,1545,4,0,12.91000001,2.446752382,1
6,2,1545,4,0,12.91000001,2.446752382,1
16,2,478,3,5,12.97,2.446473933,1
6,1,88,3,3,37.51,1.784490961,1
0,0,4390,3,0,5.27,3.99,1
2,2,415,4,5,26.3,1.229546517,1
17,0,3385,3,5,5.76,3.75,1
0,0,2349,3,1,6.01,3.6,1
2,0,650,3,4,4.85,4.5,1
6,2,1179,4,2,26.92,1.22978529,1
6,0,337,3,6,5.5,3.99,1
13,2,6621,4,1,6.76,4.904072727,1
13,0,9003,3,4,5.51,3.99,1
17,0,322,2,6,5.5,4,1
6,0,2089,1,6,22.5,0.99,1
6,2,442,3,6,27.39999999,1.229802513,1
0,0,2349,3,1,6.19,3.6,1
16,2,5350,3,0,6.97,4.904814815,1
0,0,2349,3,4,6.4,3.6,1
17,0,3385,3,5,8.53,2.75,1
16,0,1266,3,0,4.89,4.89,0
4,2,3375,4,3,14.76,2.46,0
17,0,3277,1,6,8.01,3,1
6,0,843,4,5,6.05,4,1
11,2,739,1,3,15.1,2.446986971,1
10,0,1059,2,5,4.95,4.95,0
17,0,3385,3,5,4.95,4.95,0
17,0,3385,3,5,4.95,4.95,0
17,0,3385,3,5,4.95,4.95,0
17,0,3385,3,5,4.95,4.95,0
17,0,3385,3,5,4.95,4.95,0
0,0,4390,3,4,4.95,4.95,0
12,0,25433,3,0,4.95,4.95,0
12,0,25433,3,0,4.95,4.95,0
0,0,2349,3,4,6.89,3.6,1
17,0,8100,0,4,4.99,4.99,0
13,0,50,1,5,4.99,4.99,0
16,0,237,1,5,4.99,4.99,0
0,0,4398,2,6,4.99,4.99,0
10,0,4398,2,6,4.99,4.99,0
10,0,4398,2,0,4.99,4.99,0
4,2,141,3,3,6.140000001,6.140000001,0
4,2,141,3,3,6.140000001,6.140000001,0
13,1,309,3,3,8.909999999,8.909999999,0
13,1,632,3,3,8.909999999,8.909999999,0
13,1,632,3,3,8.909999999,8.909999999,0
13,1,632,3,3,8.909999999,8.909999999,0
12,0,945,3,6,4.99,4.99,0
10,0,1155,3,4,4.99,4.99,0
10,0,1155,3,4,4.99,4.99,0
10,0,1155,3,6,4.99,4.99,0
10,0,1155,3,6,4.99,4.99,0
10,0,1155,3,0,4.99,4.99,0
17,0,1375,3,5,4.99,4.99,0
6,0,1375,3,5,4.99,4.99,0
1,1,1390,3,3,8.909999999,8.909999999,0
15,0,1809,3,6,4.99,4.99,0
13,0,3227,3,5,4.99,4.99,0
13,0,3227,3,6,4.99,4.99,0
17,0,3385,3,5,4.99,4.99,0
17,0,3385,3,5,4.99,4.99,0
0,0,4390,3,0,4.99,4.99,0
0,0,4390,3,0,4.99,4.99,0
6,0,4397,3,4,4.99,4.99,0
6,0,4397,3,5,4.99,4.99,0
0,0,4397,3,4,4.99,4.99,0
0,0,4397,3,5,4.99,4.99,0
0,0,4398,3,1,4.99,4.99,0
13,0,9003,3,0,4.99,4.99,0
13,0,9003,3,0,4.99,4.99,0
13,0,9003,3,0,4.99,4.99,0
13,0,9003,3,0,4.99,4.99,0
13,2,351,4,1,6.140000001,6.140000001,0
13,1,365,4,3,8.909999999,8.909999999,0
5,2,1017,4,2,6.140000001,6.140000001,0
13,2,1634,4,0,6.140000001,6.140000001,0
13,2,1634,4,2,6.140000001,6.140000001,0
6,2,533,1,3,6.15,6.15,0
17,0,3277,1,6,5,5,0
17,0,3277,1,6,5,5,0
16,2,149,2,1,6.15,6.15,0
17,2,183,2,5,6.15,6.15,0
11,0,326,2,0,5,5,0
13,0,673,3,6,5,5,0
6,2,1853,3,4,6.15,6.15,0
6,2,1853,3,4,6.15,6.15,0
13,2,1853,3,4,6.15,6.15,0
6,0,2696,3,0,5,5,0
13,0,5202,3,0,5,5,0
2,2,5,4,2,6.15,6.15,0
0,2,18,4,6,6.15,6.15,1
17,2,183,4,3,6.15,6.15,0
2,2,294,4,1,6.15,6.15,0
3,2,756,4,1,6.15,6.15,0
17,2,765,4,5,6.15,6.15,0
17,2,765,4,5,6.15,6.15,0
13,2,1853,4,1,6.15,6.15,0
16,0,1266,3,0,5.14,4.89,1
0,0,2349,3,0,7,3.6,1
11,2,730,1,5,31.01000001,1.229579699,1
16,0,27132,2,0,25.65,0.99,1
7,0,454,1,5,26,0.99,1
17,2,2403,2,0,31.69,1.229724486,1
17,2,996,3,1,15.99,2.4477,1
0,0,4390,3,0,6.5,3.99,1
13,0,9003,3,0,5.24,4.99,1
5,0,1054,2,0,34.19,0.77,1
17,2,2403,2,0,32.59000001,1.229811321,1
14,0,1004,1,4,26.78,0.99,1
16,0,1265,3,4,5.5,4.85,1
4,2,569,4,3,16.59,2.447301705,1
0,0,2349,3,1,7.5,3.6,1
11,2,1635,4,4,33.67000001,1.22972973,1
13,2,286,2,5,33.82000001,1.229818182,1
6,2,533,3,4,6.76,6.145454545,1
4,2,595,3,0,33.82000001,1.229818182,1
3,2,5701,4,0,33.83,1.229734642,1
0,0,4398,1,5,5.25,5.25,0
10,0,4397,3,4,5.25,5.25,0
11,0,2168,1,5,28,0.99,1
16,0,27132,2,0,28.03,0.99,1
0,2,1310,2,6,6.849999997,6.149012565,1
11,2,1635,4,2,34.68,1.229787234,1
11,2,1635,4,2,34.68,1.229787234,1
7,2,1,2,0,35.04999999,1.229824561,1
2,0,3864,3,0,9.59,2.99,1
0,0,2349,3,4,8,3.6,1
11,2,1405,4,0,17.82999999,2.447013792,1
15,0,380,3,4,6.5,4.5,1
4,2,595,3,0,36.27999999,1.229830508,1
3,0,8101,1,6,30,0.99,1
0,0,2349,3,0,8.26,3.6,1
2,0,3613,3,6,7.5,3.99,1
17,0,8100,0,4,6,4.99,1
13,1,197,3,3,17.85,5.355,1
13,1,200,3,3,10.71,8.925,1
0,0,4390,3,0,5.49,5.49,0
0,0,4390,3,0,5.49,5.49,0
17,0,3277,1,6,10.05,3,1
17,0,3385,3,5,6.05,4.99,1
4,2,2016,2,0,7.500000002,6.086065575,1
6,0,4398,2,6,5.5,5.5,0
17,2,58,3,6,6.76,6.76,0
0,0,4390,3,0,5.52,5.52,0
8,2,110,2,6,37.49999999,1.229911446,1
4,2,595,3,0,37.51000001,1.229836066,1
11,2,1635,4,2,37.51000001,1.229836066,1
6,2,1179,4,2,37.60999999,1.229888816,1
0,0,2349,3,6,8.5,3.6,1
0,0,2349,3,0,8.5,3.6,1
0,0,2349,3,4,8.5,3.6,1
1,0,8101,1,6,30.99,0.99,1
16,0,27132,2,0,30.99,0.99,1
16,0,27132,2,0,31,0.99,1
0,0,2349,3,1,8.75,3.6,1
5,1,507,3,3,57.11,1.766840625,1
7,2,199,3,6,19.98000001,2.446781539,1
0,0,2349,3,0,9,3.6,1
13,1,197,3,3,11.6,8.905230771,1
9,0,1265,3,4,5.7,5.7,0
9,0,1266,3,0,5.7,5.7,0
4,2,595,3,0,39.97000001,1.229846154,1
17,2,638,4,2,39.97000001,1.229846154,1
0,0,2349,3,1,9.11,3.6,1
6,0,2220,1,5,33.14,0.99,1
4,2,595,3,0,40.58000001,1.22969697,1
6,0,25433,1,6,5.75,5.75,0
0,0,4398,2,0,5.75,5.75,0
0,0,4390,3,0,5.75,5.75,0
0,0,2349,3,0,9.26,3.6,1
13,1,632,3,3,11.96,8.907522389,1
4,2,595,4,6,41.19999999,1.229850746,1
16,0,31,3,0,34,0.99,1
6,0,2220,1,5,34.06,0.99,1
16,0,27132,2,0,34.12,0.99,1
17,0,3277,1,6,8.5,4,1
17,2,58,4,2,8.649999998,6.152204835,1
0,0,2349,3,1,9.8,3.6,1
17,0,3385,3,5,11.8,2.99,1
12,0,25433,0,4,5.95,5.95,0
11,2,1405,4,0,22.14,2.4477,1
4,2,2038,2,1,22.15,2.447445863,1
13,1,265,0,3,10.69,10.69,0
6,0,76,1,6,5.99,5.99,0
17,0,809,1,5,5.99,5.99,0
13,0,1215,2,0,5.99,5.99,0
13,0,3955,2,0,5.99,5.99,0
6,0,4398,2,6,5.99,5.99,0
12,0,25433,2,0,5.99,5.99,0
10,0,1155,3,4,5.99,5.99,0
10,0,1155,3,4,5.99,5.99,0
10,0,1155,3,5,5.99,5.99,0
10,0,1155,3,6,5.99,5.99,0
10,0,1155,3,6,5.99,5.99,0
10,0,1155,3,6,5.99,5.99,0
10,0,1155,3,1,5.99,5.99,0
2,0,2191,3,0,5.99,5.99,0
13,0,3227,3,0,5.99,5.99,0
0,0,4390,3,0,5.99,5.99,0
10,0,4397,3,4,5.99,5.99,0
13,0,14479,3,6,5.99,5.99,0
13,2,1634,4,0,7.369999998,7.369999998,0
1,0,10067,1,5,6,6,0
13,2,657,4,1,7.38,7.38,0
6,2,1304,4,4,7.38,7.38,0
6,2,1304,4,4,7.38,7.38,0
4,2,1351,2,6,44.27999999,1.229658428,1
11,2,157,3,4,22.15,2.459744586,1
4,0,421,2,5,7.25,4.99,1
6,0,2220,1,5,36.55,0.99,1
0,0,2349,3,1,10.11,3.6,1
16,1,955,3,3,66.03000002,1.784594595,1
12,2,637,4,1,15.86,3.565426356,0
4,2,595,3,0,46.12000001,1.229866667,1
7,1,21,3,3,22.33,5.354916066,1
0,0,2349,3,5,10.5,3.6,1
0,0,2349,3,1,10.5,3.6,1
6,2,1545,4,2,23.48000001,2.447627031,1
12,2,2168,3,4,15.93,3.628841699,0
6,2,4680,3,1,15.97,3.675927636,0
16,2,5701,4,1,15.97,3.675927636,0
2,0,3864,3,0,6.49,5.99,1
0,0,4390,3,0,6.53,5.99,1
1,2,106,3,6,49.26000001,1.229655517,1
4,2,2016,2,4,17.01,3.56681128,1
6,0,2220,1,5,40.56,0.99,1
6,2,1179,3,6,49.78999999,1.229686342,1
4,2,37,2,0,49.80000002,1.22962963,1
16,2,109,2,1,49.80000002,1.22962963,1
16,0,27132,2,0,41.57,0.99,1
0,0,2349,3,5,11.5,3.6,1
16,2,109,2,0,51.02999999,1.229638554,1
4,2,41,3,4,51.02999999,1.229638554,1
4,1,121,3,3,74.96000001,1.766914286,1
10,0,1155,3,4,6.45,6.45,0
8,2,137,4,6,51.16999999,1.229752463,1
16,0,27132,2,0,42.12,0.99,1
13,0,439,1,4,6.47,6.47,0
11,0,1405,2,0,10.5,3.99,1
17,0,3385,3,5,10.5,3.99,1
0,0,4390,3,0,6.49,6.49,0
17,0,138,2,6,42.58,0.99,1
13,0,686,3,5,6.5,6.5,0
13,0,686,3,5,6.5,6.5,0
13,0,686,3,5,6.5,6.5,0
13,0,686,3,5,6.5,6.5,0
13,0,686,3,5,6.5,6.5,0
13,0,686,3,5,6.5,6.5,0
13,0,686,3,5,6.5,6.5,0
13,0,686,3,5,6.5,6.5,0
13,0,686,3,5,6.5,6.5,0
13,0,686,3,5,6.5,6.5,0
13,0,686,3,5,6.5,6.5,0
13,0,686,3,5,6.5,6.5,0
13,0,686,3,5,6.5,6.5,0
13,0,686,3,5,6.5,6.5,0
13,0,686,3,5,6.5,6.5,0
13,0,686,3,5,6.5,6.5,0
13,0,686,3,5,6.5,6.5,0
13,0,686,3,5,6.5,6.5,0
13,0,686,3,5,6.5,6.5,0
13,0,686,3,5,6.5,6.5,0
13,0,686,3,5,6.5,6.5,0
13,0,686,3,5,6.5,6.5,0
13,0,686,3,5,6.5,6.5,0
13,0,686,3,5,6.5,6.5,0
13,0,686,3,5,6.5,6.5,0
13,0,686,3,5,6.5,6.5,0
13,0,686,3,5,6.5,6.5,0
17,2,1197,4,3,52.26000001,1.229647059,1
0,0,2349,3,0,11.99,3.6,1
0,0,2349,3,5,12.03,3.6,1
6,2,93,4,1,54.18000001,1.229686791,1
11,2,1405,4,0,27.52000001,2.447042003,1
10,0,1155,3,5,6.95,6.45,1
16,0,216,3,5,7.5,6,1
0,0,2349,3,0,12.5,3.6,1
1,2,71,3,5,55.94000001,1.229720818,1
13,0,686,3,5,7,6.5,1
6,0,81,3,5,11.5,3.99,1
11,2,1405,4,6,28.47999999,2.447115716,1
16,0,1266,3,1,6.79,6.79,0
4,0,966,3,4,15.5,2.99,1
11,2,118,3,1,57.17999998,1.229677419,1
0,0,2349,3,0,13,3.6,1
0,0,2349,3,4,13.01,3.6,1
5,0,1054,2,0,61,0.77,1
16,2,18,2,0,12.91000001,5.532857145,1
6,0,2220,1,5,48,0.99,1
4,2,158,1,3,8.490000003,8.490000003,0
0,0,2349,3,1,13.26,3.6,1
12,2,5701,4,0,19.68,3.6777,1
16,0,27132,2,0,48.37,0.99,1
1,0,351,1,4,6.95,6.95,0
1,0,351,1,4,6.95,6.95,0
12,2,1139,2,6,8.549999998,8.549999998,0
11,2,91,4,1,59.51999999,1.229752066,1
16,1,34,3,3,173.12,0.892371134,1
17,2,1911,4,1,20.03,3.676470228,1
13,0,50,1,5,6.99,6.99,0
17,0,1375,2,5,6.99,6.99,0
0,0,1840,2,6,6.99,6.99,0
1,0,1922,2,0,6.99,6.99,0
6,0,2179,2,6,6.99,6.99,0
6,0,2179,2,6,6.99,6.99,0
6,0,2179,2,6,6.99,6.99,0
6,0,2179,2,6,6.99,6.99,0
6,0,2179,2,6,6.99,6.99,1
0,0,6655,2,0,6.99,6.99,0
10,0,1155,3,4,6.99,6.99,0
10,0,1155,3,0,6.99,6.99,0
10,0,1155,3,0,6.99,6.99,0
13,0,2993,3,1,6.99,6.99,0
13,0,3227,3,6,6.99,6.99,0
6,0,3613,3,6,6.99,6.99,0
4,0,3613,3,6,6.99,6.99,0
0,0,3613,3,6,6.99,6.99,0
0,0,4390,3,4,6.99,6.99,0
0,0,4390,3,4,6.99,6.99,0
0,0,4390,3,4,6.99,6.99,0
0,0,4390,3,4,6.99,6.99,0
0,0,4390,3,0,6.99,6.99,0
17,0,9003,3,0,6.99,6.99,0
6,0,25433,3,5,6.99,6.99,0
0,0,4390,3,0,8.18,5.99,1
6,0,3277,1,6,7,7,0
17,0,22501,2,0,7,7,0
13,2,205,3,6,8.61,8.61,0
12,2,2168,3,3,8.61,8.61,0
17,0,2944,3,1,7,7,0
13,2,613,4,1,8.61,8.61,0
0,2,266,1,4,61.00000002,1.22983871,1
0,0,3613,3,6,12.55,3.99,1
4,2,393,4,5,31.11000001,2.446992095,1
0,2,266,1,3,62.09,1.229748465,1
16,0,27132,2,0,51,0.99,1
0,0,2349,3,1,14.5,3.6,1
10,0,1155,3,5,7.49,6.99,1
10,0,9003,3,0,7.49,6.99,1
17,0,8100,0,4,10.5,4.99,1
2,0,3864,3,1,10.5,4.99,1
17,0,22501,2,0,10.5,5,1
17,2,1313,3,6,32.71999999,2.446929725,1
0,0,2349,3,4,15,3.6,1
4,2,2016,3,5,9.159999997,9.159999997,0
6,0,2696,3,0,11.12,5,1
0,0,2349,3,4,15.5,3.6,1
11,0,3613,3,6,8.01,6.99,1
4,2,1130,4,4,17.22,4.92,0
8,2,71,4,6,69.03999999,1.229782686,1
6,0,2046,2,4,7.5,7.5,0
6,0,2046,2,4,7.5,7.5,0
6,0,2046,2,4,7.5,7.5,0
6,0,2046,2,4,7.5,7.5,0
6,0,2046,2,4,7.5,7.5,0
6,0,2046,2,4,7.5,7.5,0
6,0,2046,2,4,7.5,7.5,0
6,0,2046,2,4,7.5,7.5,0
15,0,2944,3,1,7.5,7.5,0
4,2,393,4,6,35.01999999,2.446973314,1
17,0,1129,4,6,56.95,1,1
16,2,1905,4,1,14.13,6.148825065,1
4,2,4153,4,5,35.52000001,2.459833796,1
6,0,2319,3,0,10.01,5.99,1
6,0,2046,2,4,8,7.5,1
6,2,1545,4,1,37.49999999,2.447523778,1
11,2,56,3,4,75.00999999,1.229672131,1
0,0,2349,3,1,17.1,3.6,1
0,0,2349,3,1,17.1,3.6,1
0,0,2349,3,1,17.26,3.6,1
6,0,2760,4,5,62.99,0.99,1
17,0,9003,3,4,12.5,4.99,1
8,0,405,2,6,8.95,6.99,1
16,0,27132,2,0,63.36,0.99,1
6,0,2179,2,6,9,6.99,1
2,0,212,3,4,9.01,6.99,1
0,0,2349,3,4,17.51,3.6,1
1,0,351,1,4,7.95,7.95,0
0,0,4390,3,0,7.95,7.95,1
4,2,1365,4,6,9.779999998,9.779999998,0
16,0,27132,2,0,64.33,0.99,1
0,2,266,1,5,78.31999998,1.22970639,1
13,0,50,1,5,7.99,7.99,0
13,0,50,1,5,7.99,7.99,0
13,0,50,1,5,7.99,7.99,1
10,0,1405,1,5,7.99,7.99,0
13,0,1215,2,0,7.99,7.99,0
13,0,1215,2,0,7.99,7.99,0
13,0,1215,2,0,7.99,7.99,0
8,0,2132,2,1,7.99,7.99,0
10,0,1155,3,4,7.99,7.99,0
10,0,1155,3,5,7.99,7.99,0
10,0,1155,3,5,7.99,7.99,0
10,0,1155,3,6,7.99,7.99,0
10,0,1155,3,6,7.99,7.99,0
10,0,1155,3,0,7.99,7.99,0
10,0,1155,3,0,7.99,7.99,0
17,0,1375,3,6,7.99,7.99,0
1,1,1390,3,3,14.26,14.26,0
1,1,1390,3,3,14.26,14.26,0
11,0,3613,3,6,7.99,7.99,0
11,0,3613,3,6,7.99,7.99,0
0,0,3613,3,6,7.99,7.99,0
13,2,205,3,4,9.84,9.84,0
16,0,216,3,5,8,8,0
0,2,618,3,0,9.84,9.84,0
0,2,618,3,0,9.84,9.84,0
16,2,5701,4,3,39.35,2.459375,0
2,1,88,3,3,15.26,13.36811696,1
13,0,686,3,5,9.99,6.5,1
11,2,200,3,6,17.82999999,5.533448274,0
0,0,2349,3,0,18.26,3.6,1
0,0,2349,3,4,18.29,3.6,1
16,0,27132,2,0,66.65,0.99,1
16,2,109,3,2,81.16000002,1.22969697,1
8,2,4,4,5,81.16000002,1.22969697,1
11,2,1405,4,0,40.91,2.446976255,1
0,0,2349,3,6,18.61,3.6,1
11,2,5701,4,0,41.19999999,2.459701492,1
0,0,4390,3,0,8.2,8.2,0
6,0,2046,2,4,9.01,7.5,1
16,0,106,1,4,67.66,1,1
10,0,1155,3,0,8.49,7.99,1
10,0,1155,3,0,8.5,7.99,1
13,1,632,3,3,24.99,8.90715,1
1,2,479,3,0,85.92000001,1.229712323,1
1,0,10,2,0,70,1,1
0,0,2349,3,0,19.5,3.6,1
16,0,27132,2,0,71,0.99,1
17,0,3385,3,5,10.13,6.99,1
4,2,1581,3,3,87.31000001,1.22971831,1
11,2,1635,4,2,87.31000001,1.22971831,1
6,0,2046,2,4,9.5,7.5,1
0,0,2349,3,6,20,3.6,1
1,0,10067,1,4,8.5,8.5,0
1,0,10067,1,5,8.5,8.5,0
6,0,25433,1,5,8.5,8.5,0
6,0,1135,4,6,73.52,0.99,1
4,2,2016,2,4,18.31999999,6.024697985,0
4,2,279,4,1,18.31999999,6.024697985,0
1,1,88,3,3,18.74,12.47548572,1
17,0,22501,2,0,10.5,7,1
4,2,393,4,5,45.50000001,2.447162163,1
0,0,2349,3,4,20.5,3.6,1
4,2,1365,4,1,18.38,6.085685618,0
4,2,1365,4,1,18.38,6.085685618,0
4,2,1365,4,1,18.38,6.085685618,0
4,2,1166,3,1,18.43,6.135136757,0
4,2,1166,3,2,18.43,6.135136757,0
4,2,1166,3,1,18.43,6.135136757,0
10,2,678,2,0,18.45,6.15,0
0,2,618,3,0,18.45,6.15,0
11,2,18,4,6,18.45,6.15,0
17,2,907,4,2,18.45,6.15,0
0,0,4390,3,0,9.47,7.95,1
13,0,686,3,5,11.67,6.5,1
16,0,27132,2,0,78,0.99,1
1,0,6904,0,4,8.87,8.87,0
13,0,9003,3,4,10.55,7.49,1
8,0,39,1,5,80,1,1
12,2,1139,2,6,11.01,11.01,1
4,2,1365,4,2,11.01,11.01,0
11,2,1405,4,6,49.78999999,2.447075821,1
13,0,133,2,6,8.99,8.99,0
13,0,133,2,6,8.99,8.99,0
10,0,1155,3,4,8.99,8.99,0
10,0,1155,3,6,8.99,8.99,0
10,0,1155,3,6,8.99,8.99,0
10,0,1155,3,6,8.99,8.99,0
10,0,1155,3,0,8.99,8.99,0
10,0,1155,3,0,8.99,8.99,0
10,0,1155,3,0,8.99,8.99,0
17,0,3385,3,5,8.99,8.99,0
17,0,3385,3,5,8.99,8.99,0
4,0,3613,3,6,8.99,8.99,0
11,0,3613,3,6,8.99,8.99,0
12,0,25433,3,1,8.99,8.99,0
13,0,37727,3,6,8.99,8.99,0
4,2,1349,3,3,11.07,11.07,0
12,2,2168,3,3,11.07,11.07,0
12,2,5701,4,0,11.07,11.07,0
16,2,5701,4,3,11.07,11.07,0
16,2,5701,4,4,11.07,11.07,0
16,2,5701,4,4,11.07,11.07,0
16,2,5701,4,4,11.07,11.07,0
16,2,5701,4,1,11.07,11.07,0
16,2,5701,4,5,11.07,11.07,0
11,2,5701,4,4,11.07,11.07,0
11,2,5701,4,0,11.07,11.07,0
11,2,5701,4,0,11.07,11.07,0
11,2,5701,4,2,11.07,11.07,0
0,0,2349,3,1,23.09,3.6,1
0,0,2349,3,5,23.15,3.6,1
10,0,1155,3,5,10.5,7.99,1
0,0,181,2,0,21.08,3.99,1
13,0,686,3,5,13,6.5,1
12,2,2168,3,5,11.67,11.05514226,1
16,2,5701,4,0,11.68,11.06526316,1
12,2,5769,4,5,11.68,11.06526316,1
16,0,27132,2,0,87.73,0.99,1
6,0,3385,3,5,9.42,9.42,0
4,2,595,2,3,110.53,1.229750779,1
16,2,5701,4,2,12.3,11.07,1
16,2,5701,4,3,12.31,11.06793207,1
2,2,1719,3,6,12.32,11.06586826,1
17,0,22501,2,0,9.5,9.5,0
17,0,22501,2,0,9.5,9.5,0
13,0,686,3,5,9.5,9.5,0
13,0,686,3,5,9.5,9.5,0
13,0,686,3,5,9.5,9.5,0
13,0,686,3,5,9.5,9.5,0
13,0,686,3,5,9.5,9.5,1
8,2,384,3,5,111.91,1.22978022,1
17,0,1375,3,5,11.5,7.99,1
14,0,12,3,0,18.5,5,1
3,0,841,3,6,13.25,6.99,1
0,2,524,2,0,114.48,1.229777635,1
0,0,2349,3,1,26,3.6,1
0,0,2349,3,1,26.01,3.6,1
0,2,2507,4,4,16.60000001,8.595111114,1
11,2,157,3,4,12.91000001,11.06571429,1
12,2,2168,3,3,29.45,4.857098121,0
12,2,2168,3,2,29.45,4.857098121,0
12,2,2168,3,4,23.84,6.086023723,1
4,2,1130,3,1,19.68,7.38,0
17,2,3375,4,2,19.68,7.38,0
14,0,121,1,6,197.5,0.5,1
12,2,2168,3,6,24.6,6.0885,1
4,2,4153,4,5,40.58000001,3.68909091,0
1,0,351,1,4,9.95,9.95,0
13,0,2286,3,0,9.95,9.95,0
13,0,2286,3,0,9.95,9.95,0
13,0,2286,3,0,9.95,9.95,0
16,0,5180,3,4,9.95,9.95,0
5,0,5564,3,0,9.95,9.95,0
6,0,25433,3,5,9.95,9.95,0
12,0,25433,3,5,9.95,9.95,0
4,2,1365,4,6,12.24,12.24,0
4,2,1365,4,1,12.24,12.24,0
4,2,1365,4,2,12.24,12.24,0
4,2,1365,4,2,12.24,12.24,0
4,2,1365,4,2,12.24,12.24,0
4,2,1365,4,3,12.24,12.24,0
4,2,1365,4,3,12.24,12.24,0
4,2,1365,4,3,12.24,12.24,0
4,2,1365,4,3,12.24,12.24,0
4,2,1365,4,3,12.24,12.24,0
6,2,537,4,3,13.72,10.95387097,1
1,0,18,1,5,9.99,9.99,0
6,0,626,1,6,9.99,9.99,0
11,0,2169,1,6,9.99,9.99,0
11,0,2169,1,6,9.99,9.99,0
13,0,5017,1,5,9.99,9.99,1
16,0,30594,1,6,9.99,9.99,0
13,0,133,2,6,9.99,9.99,0
12,2,942,2,6,12.29,12.29,0
1,0,957,2,1,9.99,9.99,0
11,0,1127,2,0,9.99,9.99,0
6,0,1265,2,0,9.99,9.99,0
7,0,1405,2,0,9.99,9.99,0
8,2,65,3,3,12.29,12.29,0
16,0,216,3,5,9.99,9.99,0
15,0,541,3,6,9.99,9.99,0
1,0,688,3,5,9.99,9.99,0
9,0,814,3,0,9.99,9.99,0
9,0,814,3,0,9.99,9.99,0
9,0,814,3,0,9.99,9.99,0
6,0,985,3,6,9.99,9.99,0
6,0,1256,3,6,9.99,9.99,0
2,0,1256,3,6,9.99,9.99,0
17,0,1375,3,5,9.99,9.99,0
17,0,1375,3,5,9.99,9.99,0
17,0,1375,3,5,9.99,9.99,1
13,0,2993,3,1,9.99,9.99,0
5,1,3380,3,3,17.83,17.83,0
6,0,3385,3,5,9.99,9.99,0
6,0,3385,3,5,9.99,9.99,0
17,0,3385,3,5,9.99,9.99,1
6,0,3613,3,6,9.99,9.99,0
0,0,4390,3,4,9.99,9.99,0
6,2,4680,3,1,12.29,12.29,0
4,0,5450,3,4,9.99,9.99,0
4,0,5450,3,5,9.99,9.99,0
4,0,5450,3,5,9.99,9.99,0
12,0,9003,3,0,9.99,9.99,0
1,0,9003,3,0,9.99,9.99,0
7,0,9003,3,4,9.99,9.99,0
13,0,37727,3,6,9.99,9.99,0
10,2,83,4,6,12.29,12.29,0
10,2,83,4,6,12.29,12.29,0
9,0,1124,4,0,9.99,9.99,0
1,2,163,4,6,122.95,1.229745949,1
13,2,1853,3,4,12.3,12.3,0
4,2,3375,4,3,12.3,12.3,0
1,2,163,3,3,124.2,1.22970297,1
6,2,19,4,5,124.2,1.22970297,1
6,0,20,2,0,103.55,0.99,1
8,2,27,4,6,126.66,1.229708738,1
0,0,2349,3,5,28.87,3.6,1
12,2,1139,1,4,12.85,12.23516747,1
13,0,1647,2,0,10.45,9.95,1
16,0,27132,2,0,105.5,0.99,1
13,0,5017,1,5,10.49,9.99,1
16,0,5450,3,5,10.49,9.99,1
16,0,5450,3,6,10.49,9.99,1
3,0,8101,1,6,10.5,9.99,1
6,0,985,3,6,10.5,9.99,1
6,2,533,3,4,25.82000001,6.14761905,1
6,0,541,3,6,10.75,9.99,1
6,1,18,3,3,31.97999999,10.70758928,1
16,0,27132,2,0,109,0.99,1
4,2,1365,4,3,27.47999999,6.086174495,1
16,0,27132,2,0,111.95,0.99,1
10,0,1155,3,6,12.37,8.99,1
14,2,182,4,6,13.71,12.28366817,1
17,0,3385,3,5,12.5,8.99,1
16,0,27132,2,0,113.86,0.99,1
6,0,2220,1,5,115.27,0.99,1
0,0,2349,3,0,31.76,3.6,1
0,0,4390,3,0,11.5,9.99,1
12,0,9003,3,4,11.51,9.99,1
4,2,595,2,0,141.54,1.229713293,1
4,2,595,2,0,142.65,1.229741379,1
16,0,27132,2,0,117.5,0.99,1
17,0,3385,3,5,13,8.99,1
1,0,18,1,5,29.5,4,1
16,0,27132,2,0,121,0.99,1
12,2,2168,3,6,13.47,13.47,0
6,0,5257,1,4,10.99,10.99,0
6,0,5257,1,4,10.99,10.99,0
6,0,5257,1,5,10.99,10.99,0
2,0,2191,2,6,10.99,10.99,0
9,0,4397,3,4,10.99,10.99,0
17,0,22501,2,0,11,11,0
16,0,27132,2,0,122.51,0.99,1
16,0,27132,2,0,122.85,0.99,1
0,0,2349,4,0,33.89,3.6,1
4,2,164,3,1,30.62000001,6.025622492,0
11,2,1329,4,2,30.62000001,6.025622492,0
16,0,27132,2,0,123.5,0.99,1
13,0,3227,3,0,12.26,9.99,1
12,2,2168,3,5,21.52000001,8.608000002,1
11,2,157,3,4,16.81,11.06730066,1
10,0,1155,3,0,15.5,7.99,1
8,0,405,2,6,12.5,9.99,1
17,0,1375,3,5,12.52,9.99,1
3,1,404,2,3,22.49,17.83135714,1
16,0,27132,2,0,127.5,0.99,1
16,0,27132,2,0,128.86,0.99,1
6,0,166,2,6,21.33,6,1
17,0,1375,3,5,12.84,9.99,1
1,0,18,1,5,13,9.99,1
1,0,584,2,5,26,5,1
12,0,4556,2,5,26,5,1
1,2,305,4,6,161.08,1.229712192,1
17,0,22501,2,0,13.18,10,1
6,0,25433,3,5,11.5,11.5,0
16,0,27132,2,0,136.49,0.99,1
16,0,27132,2,0,137.5,0.99,1
17,0,22501,2,0,14.38,9.5,1
13,0,1647,2,0,13.95,9.95,1
6,0,541,3,6,15.5,8.99,1
16,0,27132,2,0,142.53,0.99,1
16,0,27132,2,0,142.75,0.99,1
1,0,352,1,5,11.95,11.95,0
6,0,3385,3,5,11.95,11.95,0
16,2,5701,4,0,19.64,11.06825297,1
9,0,814,1,4,11.99,11.99,0
11,0,2168,1,5,11.99,11.99,0
6,0,3385,3,5,11.99,11.99,0
6,0,3385,3,5,11.99,11.99,0
6,0,3385,3,5,11.99,11.99,0
6,0,3385,3,5,11.99,11.99,0
6,0,3385,3,5,11.99,11.99,0
1,0,10067,1,4,12,12,0
1,0,10067,1,4,12,12,0
17,2,392,3,6,22.14,9.84,0
12,1,593,3,3,21.42,21.42,0
17,2,3375,3,6,22.14,9.84,0
4,2,846,4,2,22.14,9.84,0
16,0,27132,2,0,147.5,0.99,1
13,0,686,3,5,22.67,6.5,1
0,0,2349,3,4,41.51,3.6,1
6,2,2168,3,1,20.44,11.06859206,1
8,0,841,2,0,30,4.99,1
16,0,27132,2,0,151.5,0.99,1
5,0,5564,3,4,12.25,12.25,0
16,0,27132,2,0,152.5,0.99,1
8,2,844,4,4,185.6899999,1.229735099,1
8,2,50,2,4,186.38,1.229743996,1
4,2,846,4,2,23.44000001,9.83840504,1
16,0,27132,2,0,155.99,0.99,1
1,0,523,3,4,15.5,9.99,1
17,0,1375,3,5,15.5,9.99,1
17,0,1375,3,5,15.5,9.99,1
6,0,3385,3,5,15.55,9.99,1
6,0,3385,3,5,13,11.99,1
1,2,479,3,0,191.84,1.22974359,1
1,0,10067,1,5,12.5,12.5,0
6,0,3385,3,5,13.05,11.99,1
6,2,709,4,4,38.75999999,6.136180201,1
8,2,10,4,5,197.99,1.229751553,1
17,0,22501,2,0,13,12.5,1
11,2,100,4,4,25.21000001,9.838048784,1
11,2,100,4,4,25.21000001,9.838048784,1
6,0,541,3,6,16.5,9.99,1
0,0,131,4,4,16.5,9.99,1
13,0,5812,2,1,12.92,12.92,0
14,2,6,1,3,205.37,1.229760479,1
8,2,825,2,0,205.37,1.229760479,1
4,2,370,3,3,41.21000001,6.136612953,1
6,0,2220,1,5,169.87,0.99,1
6,0,5257,1,5,12.99,12.99,0
1,0,10067,1,5,12.99,12.99,0
12,0,983,2,0,12.99,12.99,0
17,2,3090,4,1,23.34999999,11.05405476,0
11,2,730,2,1,23.37,11.07,0
4,2,1166,3,2,23.37,11.07,0
16,2,5701,4,6,23.37,11.07,0
16,2,5701,4,0,23.37,11.07,0
16,2,5701,4,0,23.37,11.07,0
9,0,56,3,0,175,0.99,1
12,2,2168,3,6,23.91999999,11.00688946,1
1,0,206,2,6,17.55,9.95,1
6,0,576,3,6,17.5,9.99,1
10,0,1155,3,4,13.5,12.99,1
16,2,5701,4,3,23.98000001,11.06769231,1
13,0,686,3,5,27.17,6.5,1
6,0,387,3,5,36,5,1
13,0,1647,2,0,18.25,9.95,1
17,0,3277,1,6,26.01,7,1
17,0,22501,2,0,14.11,13,1
13,0,123,3,1,37,5,1
6,0,988,3,0,27.78,6.75,1
13,0,1647,2,0,18.86,9.95,1
15,1,36,3,3,339.0900001,1.766837369,1
9,0,59,1,5,19,9.99,1
2,2,1719,0,5,24.23000001,11.93050762,0
16,0,5271,2,4,13.95,13.95,0
6,0,3613,3,6,19.49,9.99,1
13,0,9003,3,0,26,7.49,1
13,0,1647,2,0,19.59,9.95,1
16,0,1265,2,5,13.99,13.99,0
12,2,2168,3,0,27.05000001,11.00443182,1
10,2,678,3,2,54.65000001,5.460081009,0
12,2,2168,1,3,24.53,12.23426065,0
12,2,2168,2,0,24.53,12.23426065,0
4,2,1122,4,5,24.53,12.23426065,0
6,0,3385,3,5,16.56,11.99,1
1,0,362,2,0,199,1,1
4,2,1661,3,2,24.57999999,12.28385192,0
8,2,69,3,0,245.95,1.22975,1
16,0,27132,2,0,202.36,0.99,1
0,0,2349,3,0,56.03,3.6,1
4,2,2016,2,5,49.80000002,6.14814815,1
2,0,1192,3,0,203.5,1,1
6,0,359,3,1,20.39,9.99,1
13,0,1647,2,0,20.5,9.95,1
13,0,133,2,0,22.76,8.99,1
15,0,1602,3,0,20.5,9.99,1
16,2,5701,4,1,25.22,12.28414432,1
16,0,27132,2,0,207.86,0.99,1
13,0,1215,2,0,26,7.99,1
11,0,3613,3,6,16.01,12.99,1
16,0,27132,2,0,215.5,0.99,1
16,0,27132,2,0,216,0.99,1
6,0,985,3,6,21.61,9.99,1
11,2,5701,2,4,44.26999999,7.378333332,0
11,2,5701,4,6,44.26999999,7.378333332,0
17,0,60,2,5,21.65,9.99,1
8,2,30,1,6,270.5499999,1.229772727,1
16,0,302,3,6,77.55,2.85,1
13,0,5811,1,5,14.92,14.92,0
17,0,534,3,6,14.95,14.95,0
17,0,534,3,6,14.95,14.95,0
17,0,534,3,6,14.95,14.95,0
17,0,534,3,6,14.95,14.95,0
6,0,25433,3,4,14.95,14.95,0
6,0,25433,3,4,14.95,14.95,0
6,0,25433,3,4,14.95,14.95,0
6,0,25433,3,4,14.95,14.95,0
12,0,25433,3,4,14.95,14.95,0
12,0,25433,3,4,14.95,14.95,0
12,0,25433,3,4,14.95,14.95,0
12,0,25433,3,4,14.95,14.95,0
12,0,25433,3,4,14.95,14.95,0
12,0,25433,3,4,14.95,14.95,0
12,0,25433,3,4,14.95,14.95,0
12,0,25433,3,4,14.95,14.95,0
6,0,5257,1,4,14.99,14.99,0
6,0,5257,1,4,14.99,14.99,0
6,0,5257,1,5,14.99,14.99,0
12,0,790,2,0,14.99,14.99,0
13,0,1215,2,1,14.99,14.99,0
17,0,534,3,6,14.99,14.99,0
13,0,2993,3,4,14.99,14.99,0
13,0,3306,3,6,14.99,14.99,0
11,0,3613,3,6,14.99,14.99,0
1,0,4457,1,4,15,15,0
1,0,10067,1,5,15,15,0
17,0,22501,2,0,15,15,0
16,0,27132,2,0,227.5,0.99,1
13,2,5052,4,2,30.84999999,11.06616182,1
12,2,2168,3,4,31.36000001,11.0067451,1
7,0,3896,0,4,230,1,1
6,0,366,3,5,232.5,0.99,1
17,0,25433,3,4,15.45,14.95,1
12,0,25433,3,4,15.45,14.95,1
3,0,2168,1,5,15.49,14.99,1
6,0,5257,1,5,15.5,14.99,1
17,0,22501,2,0,15.5,15,1
0,0,2349,3,1,66,3.6,1
6,0,336,3,0,122.5,2,1
17,0,22501,2,0,16.5,15,1
17,0,1375,3,5,25,9.99,1
2,1,201,3,3,49.78000001,16.04597347,1
13,0,5812,2,1,15.92,15.92,0
17,0,534,3,6,17,14.95,1
4,2,278,3,5,31.36000001,12.28574118,1
1,0,957,2,1,15.99,15.99,0
17,0,22501,2,0,16,16,0
17,0,22501,2,0,16,16,0
9,0,1574,3,0,26.07,9.95,1
17,0,67,2,6,26,9.99,1
6,0,985,3,6,26,9.99,1
6,0,1540,3,6,26,9.99,1
13,0,2993,3,1,26,9.99,1
13,0,28,3,4,26,10,1
10,0,109,2,0,21.71,11.99,1
16,2,5701,1,3,35.65999999,11.06689655,0
16,2,5701,4,1,35.65999999,11.06689655,0
16,2,5701,4,5,35.65999999,11.06689655,0
17,0,534,3,6,17.5,14.95,1
17,0,534,3,6,17.5,14.95,1
7,0,24,1,5,265,0.99,1
13,0,2993,3,4,17.51,14.99,1
17,0,22501,2,0,16.5,16,1
16,0,27132,2,0,270,0.99,1
16,0,27132,2,0,270.12,0.99,1
1,0,10067,1,4,16.5,16.5,0
4,2,4641,4,3,67.61999998,6.136093834,0
16,0,134,0,4,280,0.99,1
7,0,112,3,6,28,9.99,1
11,0,3613,3,6,31.59,8.99,1
6,0,5257,1,4,16.99,16.99,0
6,0,5257,1,4,16.99,16.99,0
17,0,534,3,6,19.45,14.95,1
16,0,27132,2,0,295,0.99,1
4,2,164,3,1,36.76999999,12.17468227,0
4,2,164,3,1,36.76999999,12.17468227,0
4,2,164,3,2,36.76999999,12.17468227,0
4,2,164,3,1,36.76999999,12.17468227,0
12,2,2168,3,1,41.19999999,11.06865671,1
16,0,27132,2,0,305,0.99,1
13,0,3277,1,6,33.56,9,1
7,0,24,1,6,306.23,0.99,1
17,0,2262,3,6,61.59,4.95,1
6,0,110,0,4,31.01,9.99,1
6,2,442,4,2,381.5299999,1.229750201,1
8,0,148,3,0,52.23,5.99,1
13,0,2993,3,4,21.49,14.99,1
12,0,2046,3,4,17.95,17.95,0
12,0,2046,3,4,17.95,17.95,0
12,0,2046,3,4,17.95,17.95,0
12,0,2046,3,4,17.95,17.95,0
13,0,1647,2,0,32.51,9.95,1
1,0,2433,1,4,18,18,0
1,0,10067,1,5,18,18,0
17,0,22501,2,0,20.5,16,1
17,0,22501,2,0,20.51,16,1
6,0,985,3,6,33.25,9.99,1
1,0,10067,1,5,18.5,18,1
16,0,1266,2,6,18.25,18.25,0
6,0,985,3,6,33.5,9.99,1
17,0,634,0,4,18.49,18.49,0
17,0,25433,3,6,18.5,18.5,0
17,0,25433,3,6,18.5,18.5,0
11,0,678,4,6,41,8.5,1
16,1,22,3,3,62.46000002,17.82786858,1
4,2,164,2,0,43.66,12.17560563,1
4,2,164,3,1,43.77000001,12.17541445,1
4,2,164,3,1,44.15,12.17506964,1
11,2,5701,4,4,48.59000001,11.06833713,1
13,0,1647,2,0,36,9.95,1
17,0,1848,3,6,36,9.99,1
10,0,4398,0,4,18.99,18.99,0
4,0,837,1,6,18.99,18.99,0
1,0,10067,1,4,18.99,18.99,0
10,0,4398,2,0,18.99,18.99,0
10,0,4398,2,0,18.99,18.99,0
1,0,1364,3,0,18.99,18.99,0
4,2,37,1,5,49.80000002,11.06666667,1
1,0,10067,1,4,19.5,19,1
6,0,387,3,5,74.75,5,1
1,0,10067,1,5,19.5,19.5,0
8,2,316,4,2,59.03000002,9.838333336,0
4,2,164,2,0,49.06999998,12.17526315,0
4,2,164,3,2,49.06999998,12.17526315,0
4,2,164,3,2,49.06999998,12.17526315,1
12,0,11576,1,4,19.95,19.95,0
12,0,2046,2,4,19.95,19.95,0
12,0,2046,2,5,19.95,19.95,0
7,0,4028,2,0,19.95,19.95,0
17,0,534,3,6,19.95,19.95,0
12,0,2046,3,0,19.95,19.95,0
12,0,2046,3,0,19.95,19.95,0
12,0,2046,3,0,19.95,19.95,0
12,0,790,2,0,19.99,19.99,0
1,0,957,2,1,19.99,19.99,0
17,0,1051,2,6,19.99,19.99,0
0,0,1220,2,0,19.99,19.99,0
13,0,2993,3,4,19.99,19.99,0
0,0,4390,3,0,19.99,19.99,0
6,0,664,1,5,20,20,0
11,2,730,2,1,24.6,24.6,0
17,0,22501,2,0,20,20,0
17,0,22501,2,0,20,20,0
7,2,127,2,6,495.5799999,1.229757562,1
14,0,801,1,5,26.99,14.99,1
13,0,2993,3,4,27.17,14.99,1
8,2,306,3,2,501.32,1.229750282,1
13,0,133,2,0,45.44,8.99,1
17,0,22501,2,0,20.5,20,1
17,0,22501,2,0,20.5,20,1
17,0,22501,2,0,20.5,20,1
5,2,627,4,1,56.57000001,11.06804348,1
7,0,434,3,6,41.5,9.99,1
16,0,542,3,1,27.95,14.99,1
17,0,756,1,6,20.5,20.5,0
8,0,2358,2,0,42.77,9.99,1
17,0,3385,3,5,43,9.99,1
13,1,277,3,3,76.74000001,17.84651163,1
16,0,5271,3,5,20.95,20.95,0
1,0,10067,1,4,21,21,0
1,0,10067,1,4,21,21,0
1,0,10067,1,4,21,21,0
1,0,10067,1,4,21,21,0
1,0,10067,1,5,21,21,0
1,0,10067,1,5,21,21,0
17,0,22501,2,0,22.16,20,1
4,2,164,2,0,55.95000002,12.17373627,1
4,2,164,3,1,55.95000002,12.17373627,1
6,0,3385,3,5,38.5,11.99,1
16,0,3162,2,0,466,1,1
1,0,501,3,0,52,9,1
16,0,4283,2,0,23.5,19.99,1
17,0,534,3,6,23.86,19.95,1
17,0,22501,2,0,26.56,18,1
1,0,83,2,0,48,9.99,1
0,0,4397,3,5,21.99,21.99,0
1,0,816,1,5,22,22,0
4,2,164,2,0,60.62999999,12.1751927,1
1,0,2433,1,4,22.5,22,1
12,0,2046,2,5,25,19.95,1
4,2,164,3,1,62.72000002,12.17505883,1
1,0,8101,1,6,51,9.99,1
6,0,6586,1,5,25.49,19.99,1
17,0,1820,4,6,52.01,9.99,1
17,0,1809,3,6,26.07,19.99,1
6,0,5257,1,5,31,16.95,1
7,2,127,2,5,646.8500002,1.229752852,1
8,0,572,3,0,22.95,22.95,0
8,0,572,3,1,22.95,22.95,0
16,2,1405,3,3,72.55999997,11.06847457,0
16,2,1405,3,3,72.55999997,11.06847457,0
17,0,534,3,6,35.75,14.95,1
1,0,10067,1,4,23.5,23,1
17,2,58,4,2,33.45000001,24.59558824,1
13,2,205,3,4,33.82000001,24.59636364,1
11,0,1304,3,6,23.5,23.5,0
12,0,25433,3,0,23.5,23.5,0
17,0,534,3,6,28,19.99,1
4,2,164,3,1,73.35,12.17376362,1
4,2,164,2,0,73.66000002,12.17419032,0
1,2,32,3,0,730.4700002,1.229747475,1
11,0,1620,4,0,60,9.95,1
4,2,164,2,0,75.00999999,12.1737541,1
11,0,354,2,6,615,0.99,1
11,0,280,1,5,24.77,24.77,0
2,1,1029,3,3,219.52,8.905730081,1
12,0,790,2,0,31,19.99,1
1,0,351,1,4,24.95,24.95,0
1,0,10067,1,4,24.95,24.95,0
12,0,11576,2,1,24.95,24.95,0
17,0,3385,3,5,24.95,24.95,0
6,0,1779,0,4,24.99,24.99,0
11,0,4398,1,6,24.99,24.99,0
1,0,1163,3,1,24.99,24.99,0
6,0,2944,3,1,24.99,24.99,1
13,0,3004,3,6,24.99,24.99,0
8,0,9747,2,1,25,25,0
17,0,5939,4,0,25,25,0
4,2,164,2,0,81.16000002,12.174,1
16,0,62,2,0,66,9.99,1
6,0,359,3,0,66,9.99,1
17,0,534,3,6,33,19.99,1
1,2,45,2,0,863.2800002,1.22974359,1
17,0,88,2,0,71,9.99,1
1,2,536,4,1,97.14999997,11.06772152,0
2,0,8,2,6,47.78,15,1
8,0,148,3,0,120.5,5.99,1
10,0,1155,3,6,26.99,26.99,0
0,0,4390,3,4,27,27,0
5,0,5564,3,4,27,27,0
6,0,985,3,6,75,9.99,1
6,0,5257,1,5,27.95,27.95,0
16,0,17,3,6,79,9.99,1
4,2,164,3,1,98.26,12.17489362,0
6,0,704,3,0,32.03,24.99,1
17,0,534,3,6,41,19.95,1
1,0,112,2,0,28.99,28.99,0
1,0,816,2,0,29,29,0
4,0,1100,1,6,86,9.99,1
8,0,2358,2,0,86,9.99,1
6,0,3325,1,5,86.04,9.99,1
6,0,957,1,5,87.67,9.99,1
17,0,534,3,6,29.95,29.95,0
14,0,572,3,1,29.95,29.95,0
17,0,3385,3,5,29.95,29.95,0
17,0,3385,3,5,29.95,29.95,0
11,0,841,1,5,29.99,29.99,0
17,0,534,3,6,29.99,29.99,0
6,1,1147,3,3,53.52,53.52,0
10,0,1155,3,6,29.99,29.99,0
6,0,1256,3,0,29.99,29.99,0
5,0,5564,3,5,29.99,29.99,0
13,2,7,1,5,36.89000001,36.89000001,0
17,0,2218,1,6,30,30,0
14,0,572,2,0,30,30,0
1,0,33,3,4,91,10,1
4,2,164,3,1,118.06,12.1749375,1
6,0,6787,3,6,56,16.99,1
1,0,1364,2,6,30.95,30.95,0
1,0,361,0,4,31,31,0
11,0,933,0,4,51,19.99,1
13,1,277,3,3,182.04,17.84705882,1
16,0,5271,3,6,31.95,31.95,0
1,0,4457,3,0,32,32,0
17,0,534,3,6,34.66,29.95,1
1,0,29,2,0,43,24.99,1
17,0,22501,2,0,35.99,30,1
1,0,352,2,6,32.95,32.95,0
0,0,4390,3,0,32.95,32.95,0
8,0,2358,2,0,114.5,9.99,1
17,0,2304,3,0,37,31,1
1,0,2427,1,5,33.95,33.95,0
1,0,2427,1,6,33.95,33.95,0
1,0,2427,1,6,33.95,33.95,0
7,0,320,1,5,117.5,9.99,1
7,0,320,1,5,120.99,9.99,1
1,0,671,2,6,34.95,34.95,0
6,0,25433,2,6,34.95,34.95,0
17,0,1405,1,5,34.99,34.99,0
13,0,3004,3,6,34.99,34.99,0
13,0,3004,3,6,34.99,34.99,0
13,0,3004,3,6,34.99,34.99,0
13,0,3004,3,6,34.99,34.99,0
1,0,4457,3,1,35,35,0
7,0,320,1,5,124.5,9.99,1
17,0,180,3,5,51,24.95,1
16,0,62,2,0,127.63,9.99,1
13,0,3004,3,6,36.99,34.99,1
1,0,1364,3,1,35.99,35.99,0
5,0,5564,2,0,36,36,0
17,0,1222,2,0,43.78,30,1
1,0,2427,1,6,38.95,33.95,1
5,0,5564,2,0,37,37,0
13,0,3004,3,6,40,34.99,1
1,0,10067,1,4,37.95,37.95,0
17,0,29,3,5,150,9.99,1
4,0,2944,3,1,60,24.99,1
1,0,29,0,4,300,5,1
1,0,2427,1,6,38.99,38.99,0
1,0,2427,1,6,38.99,38.99,0
1,0,2427,1,6,38.99,38.99,0
6,0,5,2,6,77,19.99,1
13,0,3004,3,6,44.01,34.99,1
1,0,10067,1,5,39.5,39.5,0
1,0,715,2,1,39.5,39.5,0
1,0,671,2,6,39.95,39.95,0
1,0,671,2,6,39.95,39.95,0
9,0,1663,1,5,39.99,39.99,0
17,0,22501,2,0,40,40,1
7,0,320,1,5,162.5,9.99,1
6,0,696,3,6,163,9.99,1
17,0,507,3,6,163.72,9.99,1
16,0,1,3,4,65.87,25,1
17,0,534,3,6,47.52,34.95,1
8,0,2358,2,0,167.5,9.99,1
0,0,4390,3,0,41.49,41.49,0
1,0,1364,3,1,42,42,0
11,0,1162,2,0,177.5,9.99,1
14,0,475,3,1,71,25,1
13,0,3004,3,6,51,34.99,1
17,0,648,2,0,48,39,1
1,0,10067,1,4,43.5,43.5,0
1,0,10067,1,4,43.5,43.5,0
17,0,534,3,6,65.29,29.95,1
1,0,1,2,5,197.5,9.99,1
1,0,671,2,6,44.95,44.95,0
1,0,671,2,6,44.95,44.95,0
1,0,1135,1,6,202.5,9.99,1
13,0,3004,3,6,44.99,44.99,0
8,0,2358,2,0,222.5,9.99,1
1,0,671,2,6,47.5,47.5,0
1,0,671,2,6,47.5,47.5,0
1,0,8,3,5,91,25,1
1,0,2992,1,4,49.95,49.95,0
1,0,352,2,6,49.95,49.95,0
17,0,3385,3,5,49.95,49.95,0
17,0,3385,3,5,49.95,49.95,0
1,0,10067,1,4,49.99,49.99,0
17,0,534,3,6,49.99,49.99,0
13,0,3004,3,6,49.99,49.99,0
11,0,552,1,6,50,50,1
2,0,2191,3,1,50,50,1
13,0,3004,3,6,63,39.99,1
2,0,1560,3,1,256,9.99,1
16,0,1,3,4,52,50,1
5,0,5564,2,5,52,52,0
1,0,671,2,6,61,44.95,1
2,0,2191,3,0,56,50,1
0,0,2944,3,1,56.02,49.99,1
16,0,1,3,4,81,35,1
6,0,985,3,6,285,9.99,1
16,0,27132,2,0,60,49,1
1,0,671,2,6,66.77,44.95,1
17,0,1321,1,5,152.5,19.99,1
1,0,1948,3,4,157.54,19.95,1
3,0,812,3,6,63,49.99,1
1,0,10067,1,5,57,57,0
5,0,5564,3,5,59,59,0
1,0,2992,1,4,59.95,59.95,0
1,0,133,3,5,104.49,35,1
13,0,3004,3,6,63,59.99,1
6,0,6945,3,0,392.51,9.99,1
13,0,3004,3,6,66,59.99,1
1,0,1364,2,6,65.95,65.95,0
1,0,3246,1,5,67.95,67.95,0
4,2,668,4,1,166.02,43.04222223,1
1,0,2992,2,6,74,65,1
8,0,8,2,1,69.99,69.99,1
6,0,52,3,0,491,9.99,1
5,0,5564,2,0,73,73,0
14,0,320,1,6,560,9.99,1
3,2,6,3,0,276.6899999,30.74333333,0
1,0,1364,3,0,76.5,76.5,0
1,0,2992,1,4,79,79,1
17,0,3385,3,5,79.95,79.95,0
8,0,2358,2,0,79.99,79.99,0
15,0,993,3,5,79.99,79.99,0
15,0,993,3,5,80.99,79.99,1
15,0,993,3,5,80.99,79.99,1
1,0,2992,2,6,82.95,82.95,0
1,0,1364,2,6,83.95,83.95,0
1,0,2992,2,6,86,82.95,1
1,0,1364,2,6,85,85,0
1,0,146,3,1,85,85,0
17,0,534,3,6,103.5,69.99,1
1,0,2992,2,6,93,82.95,1
1,0,1364,3,1,89,89,0
6,0,590,4,4,797,9.95,1
1,0,146,1,4,89.95,89.95,0
1,0,2992,1,4,89.95,89.95,0
1,0,2992,1,4,89.95,89.95,0
1,0,2992,1,4,89.95,89.95,0
1,0,2992,1,4,89.95,89.95,0
1,0,2992,1,4,89.95,89.95,0
1,0,146,2,0,89.95,89.95,0
1,0,1364,2,6,89.95,89.95,0
1,0,1364,3,1,90,90,0
1,0,10,2,1,170.5,50,1
1,0,2992,1,4,99.09,89.95,1
1,0,2992,1,4,95,95,0
1,0,146,2,0,95,95,0
8,0,156,3,4,187.5,50,1
14,0,14,2,5,971,9.99,1
8,2,7,1,5,222.58,67.63480664,1
1,0,2992,1,4,99.95,99.95,0
1,0,2992,1,4,99.95,99.95,0
15,0,993,3,5,99.99,99.99,0
15,0,993,3,5,99.99,99.99,0
15,0,993,3,5,99.99,99.99,0
15,0,993,3,5,99.99,99.99,0
15,0,993,3,5,99.99,99.99,0
1,0,1131,4,6,100,100,0
17,0,301,3,5,117.5,93.63,1
1,0,1364,2,6,108,108,0
17,0,534,3,6,154.23,79.99,1
0,1,378,3,3,237.37,169.55,1
1,0,146,2,6,115,115,0
1,0,1364,3,1,117,117,0
4,2,668,3,4,313.59,67.63705883,0
1,0,2992,1,4,121.5,119,1
17,0,251,0,4,145,99.99,1
1,0,2992,1,4,122.5,119,1
14,0,33,3,4,167.5,90,1
1,0,1364,3,1,128,128,0
1,0,1364,3,1,128,128,0
3,0,48,1,4,177.5,100,1
1,0,1364,3,0,135,132,1
1,0,1364,3,1,134,134,0
5,0,5564,2,5,135,135,0
6,0,325,4,6,389,50,1
8,2,13,4,2,250.87,122.9754902,1
8,2,13,3,6,278.29,122.9739284,1
15,0,993,3,5,159.99,159.99,0
1,0,2992,1,4,169,169,0
5,0,5564,1,5,175,175,0
7,0,67,3,6,227.5,150,1
16,0,71,3,5,730,50,1
5,0,5564,2,6,192,192,0
6,0,993,3,0,199.99,199.99,0
8,0,2358,2,0,202.5,199.99,1
2,0,155,3,0,421,99.99,1
1,0,2992,2,6,229.5,199,1
6,0,862,2,5,219,219,0
1,0,374,3,0,545,100,1
1,0,0,4,6,590,99,1
1,2,4,4,6,780.8899997,122.9748031,1
16,0,1,3,4,417.99,200,1
1,0,97,1,4,290,290,0
1,0,142,3,5,521.55,200,1
1,0,2992,2,6,359.95,359.95,0
1,0,21,2,5,610,300,1
1,0,1400,2,0,549,549,0
1,0,57,3,4,820,650,1
1,0,145,3,5,999,999,0
